method,steps,step_size,rms_error
Euler,8,0.25,0.058303393612687764
Euler,16,0.125,0.028583950837113552
Euler,32,0.0625,0.014146969551304555
Euler,64,0.03125,0.0070370721499406624
Euler,128,0.015625,0.003509423641961525
Midpoint RK2,8,0.25,0.005698508429901706
Midpoint RK2,16,0.125,0.0012852623002602996
Midpoint RK2,32,0.0625,0.00030591547827984333
Midpoint RK2,64,0.03125,7.466602926973395e-05
Midpoint RK2,128,0.015625,1.8446510780331814e-05
Classical RK4,8,0.25,1.7974380741408488e-05
Classical RK4,16,0.125,1.0117702417371615e-06
Classical RK4,32,0.0625,6.00193750278193e-08
Classical RK4,64,0.03125,3.6546779570597386e-09
Classical RK4,128,0.015625,2.2546071720248987e-10
Implicit Euler,8,0.25,0.05369258486241018
Implicit Euler,16,0.125,0.027420566053271242
Implicit Euler,32,0.0625,0.013855486715570652
Implicit Euler,64,0.03125,0.006964162118838903
Implicit Euler,128,0.015625,0.0034911936837980577
Implicit midpoint,8,0.25,0.00234332110719829
Implicit midpoint,16,0.125,0.0005839933861043872
Implicit midpoint,32,0.0625,0.00014588418961528228
Implicit midpoint,64,0.03125,3.646392265999062e-05
Implicit midpoint,128,0.015625,9.115535525987484e-06
