method,step_size,factor,contracts
Euler,0.5,0.5,True
Euler,1.5,-0.5,True
Euler,2.5,-1.5,False
Euler,8.0,-7.0,False
Midpoint RK2,0.5,0.625,True
Midpoint RK2,1.5,0.625,True
Midpoint RK2,2.5,1.625,False
Midpoint RK2,8.0,25.0,False
Classical RK4,0.5,0.6067708333333333,True
Classical RK4,1.5,0.2734375,True
Classical RK4,2.5,0.6484375000000002,True
Classical RK4,8.0,110.33333333333333,False
Implicit Euler,0.5,0.6666666666666666,True
Implicit Euler,1.5,0.4,True
Implicit Euler,2.5,0.2857142857142857,True
Implicit Euler,8.0,0.1111111111111111,True
Implicit midpoint,0.5,0.6,True
Implicit midpoint,1.5,0.14285714285714285,True
Implicit midpoint,2.5,-0.1111111111111111,True
Implicit midpoint,8.0,-0.6,True
