radius,temperature,query,field,query_derivative
1.0,0.25,-1.0,-0.999329299739067,0.005363802732103589
1.0,0.25,-0.9916666666666667,-0.9992830788371665,0.005733313398853224
1.0,0.25,-0.9833333333333333,-0.9992336738707239,0.006128260011262858
1.0,0.25,-0.975,-0.999180865670028,0.006550390715574651
1.0,0.25,-0.9666666666666667,-0.9991244200040039,0.007001573406651344
1.0,0.25,-0.9583333333333334,-0.9990640865487341,0.007483803874173924
1.0,0.25,-0.95,-0.9989995977858409,0.007999214494912652
1.0,0.25,-0.9416666666666667,-0.9989306678260365,0.008550083506515229
1.0,0.25,-0.9333333333333333,-0.9988569911528391,0.009138844900388141
1.0,0.25,-0.925,-0.9987782412811312,0.00976809897348189
1.0,0.25,-0.9166666666666666,-0.9986940693248946,0.01044062358113035
1.0,0.25,-0.9083333333333333,-0.998604102468098,0.011159386135537575
1.0,0.25,-0.9,-0.9985079423323266,0.011927556397052501
1.0,0.25,-0.8916666666666666,-0.9984051632343429,0.012748520108020368
1.0,0.25,-0.8833333333333333,-0.9982953103263399,0.013625893521746587
1.0,0.25,-0.875,-0.9981778976111987,0.014563538881949225
1.0,0.25,-0.8666666666666667,-0.9980524058245887,0.015565580911002788
1.0,0.25,-0.8583333333333334,-0.9979182801752505,0.01663642436828082
1.0,0.25,-0.85,-0.9977749279342794,0.017780772742974547
1.0,0.25,-0.8416666666666667,-0.9976217158636728,0.019003648148885756
1.0,0.25,-0.8333333333333334,-0.9974579674738373,0.020310412491845453
1.0,0.25,-0.825,-0.9972829600991421,0.021706789983571933
1.0,0.25,-0.8166666666666667,-0.9970959217799802,0.02319889107892663
1.0,0.25,-0.8083333333333333,-0.9968960279391453,0.024793237916619085
1.0,0.25,-0.8,-0.9966823978396512,0.026496791346413334
1.0,0.25,-0.7916666666666666,-0.9964540908104157,0.02831697962875117
1.0,0.25,-0.7833333333333333,-0.9962101022255075,0.030261728895375536
1.0,0.25,-0.775,-0.9959493592219002,0.03233949546194528
1.0,0.25,-0.7666666666666666,-0.9956707161399166,0.0345593000857019
1.0,0.25,-0.7583333333333333,-0.9953729496697592,0.036930764262891984
1.0,0.25,-0.75,-0.9950547536867305,0.039464148661760776
1.0,0.25,-0.7416666666666667,-0.9947147337569464,0.042170393787389175
1.0,0.25,-0.7333333333333334,-0.994351401294543,0.045061162974314374
1.0,0.25,-0.725,-0.9939631673505831,0.04814888780158654
1.0,0.25,-0.7166666666666667,-0.9935483360130887,0.05144681602249062
1.0,0.25,-0.7083333333333333,-0.9931050973968729,0.05496906209739062
1.0,0.25,-0.7,-0.992631520201128,0.0587306604127903
1.0,0.25,-0.6916666666666667,-0.992125543812062,0.06274762126248104
1.0,0.25,-0.6833333333333333,-0.991584969927282,0.06703698965724515
1.0,0.25,-0.675,-0.9910074536781176,0.07161690701765405
1.0,0.25,-0.6666666666666667,-0.9903904942256809,0.07650667578964553
1.0,0.25,-0.6583333333333333,-0.9897314248062031,0.08172682700433198
1.0,0.25,-0.65,-0.9890274022010992,0.08729919078138068
1.0,0.25,-0.6416666666666666,-0.9882753956073234,0.09324696974875428
1.0,0.25,-0.6333333333333333,-0.9874721748839344,0.09959481531997005
1.0,0.25,-0.625,-0.9866142981514303,0.1063689067326425
1.0,0.25,-0.6166666666666667,-0.9856980987213929,0.11359703270812435
1.0,0.25,-0.6083333333333334,-0.9847196713353601,0.1213086755407214
1.0,0.25,-0.6,-0.9836748576936802,0.129535097365272
1.0,0.25,-0.5916666666666667,-0.9825592312574799,0.13830942828284057
1.0,0.25,-0.5833333333333333,-0.9813680813098666,0.1476667559447641
1.0,0.25,-0.575,-0.9800963962661914,0.15764421610409932
1.0,0.25,-0.5666666666666667,-0.978738846227712,0.16828108353938834
1.0,0.25,-0.5583333333333333,-0.9772897647784408,0.17961886263719973
1.0,0.25,-0.55,-0.9757431300314515,0.19170137678570348
1.0,0.25,-0.5416666666666667,-0.9740925449386083,0.2045748555801016
1.0,0.25,-0.5333333333333333,-0.972331216886695,0.21828801867055522
1.0,0.25,-0.525,-0.9704519366134539,0.23289215489278747
1.0,0.25,-0.5166666666666666,-0.9684470564892362,0.24844119510933643
1.0,0.25,-0.5083333333333333,-0.9663084682240382,0.2649917769540518
1.0,0.25,-0.5,-0.9640275800758169,0.2826032994126578
1.0,0.25,-0.4916666666666667,-0.9615952936543816,0.3013379648869746
1.0,0.25,-0.4833333333333333,-0.9590019804360366,0.32126080607903895
1.0,0.25,-0.475,-0.9562374581277391,0.3424396946936021
1.0,0.25,-0.4666666666666667,-0.9532909670460458,0.3649453285936592
1.0,0.25,-0.45833333333333337,-0.9501511467057719,0.38885119365482657
1.0,0.25,-0.44999999999999996,-0.9468060128462683,0.4142334961526083
1.0,0.25,-0.44166666666666665,-0.9432429351597283,0.44117106108504195
1.0,0.25,-0.43333333333333335,-0.9394486160260991,0.4697451913865882
1.0,0.25,-0.42500000000000004,-0.935409070603099,0.5000394825337863
1.0,0.25,-0.41666666666666663,-0.9311096086675776,0.5321395865876416
1.0,0.25,-0.4083333333333333,-0.9265348186559406,0.5661329192728137
1.0,0.25,-0.4,-0.9216685544064713,0.6021083032731419
1.0,0.25,-0.3916666666666667,-0.9164939251648362,0.6401555405438064
1.0,0.25,-0.3833333333333333,-0.9109932894754259,0.6803649061229716
1.0,0.25,-0.375,-0.9051482536448664,0.7228265556945943
1.0,0.25,-0.3666666666666667,-0.8989396755291731,0.7676298390380198
1.0,0.25,-0.3583333333333333,-0.8923476744615408,0.8148625115323194
1.0,0.25,-0.35,-0.8853516482022625,0.864609836102149
1.0,0.25,-0.3416666666666667,-0.8779302978540161,0.9169535684398338
1.0,0.25,-0.33333333333333337,-0.870061661742672,0.9719708190623214
1.0,0.25,-0.32499999999999996,-0.8617231593133063,1.029732786812376
1.0,0.25,-0.31666666666666665,-0.8528916461303621,1.0903033598441652
1.0,0.25,-0.30833333333333335,-0.8435434810964321,1.1537375819988536
1.0,0.25,-0.30000000000000004,-0.8336546070121553,1.2200799848296355
1.0,0.25,-0.29166666666666663,-0.8232006455858831,1.2893627884279413
1.0,0.25,-0.2833333333333333,-0.8121570079614576,1.3616039776763713
1.0,0.25,-0.275,-0.8004990217606297,1.4368052646410994
1.0,0.25,-0.2666666666666667,-0.7882020755281643,1.5149499525323755
1.0,0.25,-0.2583333333333333,-0.7752417813172864,1.5960007220000025
1.0,0.25,-0.25,-0.7615941559557649,1.679897366456104
1.0,0.25,-0.2416666666666667,-0.7472358212839743,1.7665545095602577
1.0,0.25,-0.23333333333333328,-0.7321442233518526,1.8558593448500509
1.0,0.25,-0.22499999999999998,-0.7162978701990244,1.9476694445933667
1.0,0.25,-0.21666666666666667,-0.6996765874203054,2.0418106920635033
1.0,0.25,-0.20833333333333337,-0.6822617902381698,2.1380753983240304
1.0,0.25,-0.19999999999999996,-0.6640367702678489,2.2362206709289763
1.0,0.25,-0.19166666666666665,-0.6449869945758523,2.3359671073120376
1.0,0.25,-0.18333333333333335,-0.6251004140085176,2.43699788962552
1.0,0.25,-0.17500000000000004,-0.6043677771171636,2.538958359929834
1.0,0.25,-0.16666666666666663,-0.58278294534791,2.64145615444646
1.0,0.25,-0.15833333333333333,-0.560343204518635,2.7440619725991486
1.0,0.25,-0.15000000000000002,-0.5370495669980353,2.846311050348891
1.0,0.25,-0.14166666666666672,-0.5129070584608086,2.947705397524322
1.0,0.25,-0.1333333333333333,-0.48792498264951595,3.047716845225878
1.0,0.25,-0.125,-0.46211715726000974,3.14579093186371
1.0,0.25,-0.1166666666666667,-0.4355021139154801,3.241351635100593
1.0,0.25,-0.10833333333333328,-0.40810325523432467,3.3338069322685904
1.0,0.25,-0.09999999999999998,-0.3799489622552248,3.4225551443247118
1.0,0.25,-0.09166666666666667,-0.35107264597890847,3.5069919889814725
1.0,0.25,-0.08333333333333337,-0.32151273753163445,3.5865182384196577
1.0,0.25,-0.07499999999999996,-0.29131261245159074,3.6605478473065176
1.0,0.25,-0.06666666666666665,-0.26052044583550255,3.7285163892066833
1.0,0.25,-0.05833333333333335,-0.22918899653509905,3.7898896154689377
1.0,0.25,-0.050000000000000044,-0.19737532022490417,3.8441719318644663
1.0,0.25,-0.04166666666666663,-0.16514041292462922,3.890914576076331
1.0,0.25,-0.033333333333333326,-0.13254878839087836,3.92972327478444
1.0,0.25,-0.025000000000000022,-0.0996679946249559,3.960265163389759
1.0,0.25,-0.01666666666666672,-0.06656807650226278,3.9822747647631562
1.0,0.25,-0.008333333333333304,-0.033320993138822745,3.9955588456649704
1.0,0.25,0.0,0.0,4.0
1.0,0.25,0.008333333333333304,0.033320993138822745,3.9955588456649704
1.0,0.25,0.016666666666666607,0.06656807650226233,3.982274764763156
1.0,0.25,0.02499999999999991,0.09966799462495547,3.960265163389759
1.0,0.25,0.03333333333333344,0.1325487883908788,3.92972327478444
1.0,0.25,0.04166666666666674,0.16514041292462964,3.8909145760763315
1.0,0.25,0.050000000000000044,0.19737532022490417,3.8441719318644663
1.0,0.25,0.05833333333333335,0.22918899653509905,3.7898896154689377
1.0,0.25,0.06666666666666665,0.26052044583550255,3.7285163892066833
1.0,0.25,0.07499999999999996,0.29131261245159074,3.6605478473065176
1.0,0.25,0.08333333333333326,0.32151273753163406,3.5865182384196586
1.0,0.25,0.09166666666666656,0.3510726459789081,3.5069919889814734
1.0,0.25,0.10000000000000009,0.3799489622552252,3.4225551443247095
1.0,0.25,0.10833333333333339,0.40810325523432506,3.3338069322685895
1.0,0.25,0.1166666666666667,0.4355021139154801,3.241351635100593
1.0,0.25,0.125,0.46211715726000974,3.14579093186371
1.0,0.25,0.1333333333333333,0.48792498264951595,3.047716845225878
1.0,0.25,0.1416666666666666,0.5129070584608083,2.9477053975243237
1.0,0.25,0.1499999999999999,0.5370495669980351,2.846311050348893
1.0,0.25,0.15833333333333344,0.5603432045186353,2.7440619725991477
1.0,0.25,0.16666666666666674,0.5827829453479103,2.6414561544464576
1.0,0.25,0.17500000000000004,0.6043677771171636,2.538958359929834
1.0,0.25,0.18333333333333335,0.6251004140085176,2.43699788962552
1.0,0.25,0.19166666666666665,0.6449869945758523,2.3359671073120376
1.0,0.25,0.19999999999999996,0.6640367702678489,2.2362206709289763
1.0,0.25,0.20833333333333326,0.6822617902381696,2.1380753983240313
1.0,0.25,0.21666666666666656,0.6996765874203051,2.041810692063504
1.0,0.25,0.2250000000000001,0.7162978701990246,1.947669444593365
1.0,0.25,0.2333333333333334,0.7321442233518528,1.8558593448500493
1.0,0.25,0.2416666666666667,0.7472358212839743,1.7665545095602577
1.0,0.25,0.25,0.7615941559557649,1.679897366456104
1.0,0.25,0.2583333333333333,0.7752417813172864,1.5960007220000025
1.0,0.25,0.2666666666666666,0.7882020755281642,1.5149499525323762
1.0,0.25,0.2749999999999999,0.8004990217606296,1.4368052646411007
1.0,0.25,0.28333333333333344,0.8121570079614578,1.3616039776763702
1.0,0.25,0.29166666666666674,0.8232006455858832,1.2893627884279402
1.0,0.25,0.30000000000000004,0.8336546070121553,1.2200799848296355
1.0,0.25,0.30833333333333335,0.8435434810964321,1.1537375819988536
1.0,0.25,0.31666666666666665,0.8528916461303621,1.0903033598441652
1.0,0.25,0.32499999999999996,0.8617231593133063,1.029732786812376
1.0,0.25,0.33333333333333326,0.8700616617426719,0.9719708190623222
1.0,0.25,0.34166666666666656,0.8779302978540161,0.9169535684398346
1.0,0.25,0.3500000000000001,0.8853516482022625,0.8646098361021484
1.0,0.25,0.3583333333333334,0.892347674461541,0.8148625115323187
1.0,0.25,0.3666666666666667,0.8989396755291731,0.7676298390380198
1.0,0.25,0.375,0.9051482536448664,0.7228265556945943
1.0,0.25,0.3833333333333333,0.9109932894754259,0.6803649061229716
1.0,0.25,0.3916666666666666,0.9164939251648361,0.6401555405438071
1.0,0.25,0.3999999999999999,0.9216685544064712,0.6021083032731425
1.0,0.25,0.40833333333333344,0.9265348186559406,0.5661329192728133
1.0,0.25,0.41666666666666674,0.9311096086675777,0.5321395865876414
1.0,0.25,0.42500000000000004,0.935409070603099,0.5000394825337863
1.0,0.25,0.43333333333333335,0.9394486160260991,0.4697451913865882
1.0,0.25,0.44166666666666665,0.9432429351597283,0.44117106108504195
1.0,0.25,0.44999999999999996,0.9468060128462683,0.4142334961526083
1.0,0.25,0.45833333333333326,0.9501511467057719,0.3888511936548269
1.0,0.25,0.46666666666666656,0.9532909670460458,0.3649453285936596
1.0,0.25,0.4750000000000001,0.9562374581277391,0.34243969469360175
1.0,0.25,0.4833333333333334,0.9590019804360366,0.3212608060790387
1.0,0.25,0.4916666666666667,0.9615952936543816,0.3013379648869746
1.0,0.25,0.5,0.9640275800758169,0.2826032994126578
1.0,0.25,0.5083333333333333,0.9663084682240382,0.2649917769540518
1.0,0.25,0.5166666666666666,0.9684470564892362,0.24844119510933643
1.0,0.25,0.5249999999999999,0.9704519366134539,0.2328921548927877
1.0,0.25,0.5333333333333334,0.9723312168866951,0.21828801867055503
1.0,0.25,0.5416666666666667,0.9740925449386083,0.2045748555801016
1.0,0.25,0.55,0.9757431300314515,0.19170137678570348
1.0,0.25,0.5583333333333333,0.9772897647784408,0.17961886263719973
1.0,0.25,0.5666666666666667,0.978738846227712,0.16828108353938834
1.0,0.25,0.575,0.9800963962661914,0.15764421610409932
1.0,0.25,0.5833333333333333,0.9813680813098666,0.1476667559447641
1.0,0.25,0.5916666666666666,0.9825592312574799,0.13830942828284068
1.0,0.25,0.6000000000000001,0.9836748576936802,0.12953509736527188
1.0,0.25,0.6083333333333334,0.9847196713353601,0.1213086755407214
1.0,0.25,0.6166666666666667,0.9856980987213929,0.11359703270812435
1.0,0.25,0.625,0.9866142981514303,0.1063689067326425
1.0,0.25,0.6333333333333333,0.9874721748839344,0.09959481531997005
1.0,0.25,0.6416666666666666,0.9882753956073234,0.09324696974875428
1.0,0.25,0.6499999999999999,0.9890274022010992,0.08729919078138076
1.0,0.25,0.6583333333333334,0.9897314248062031,0.08172682700433191
1.0,0.25,0.6666666666666667,0.9903904942256809,0.07650667578964553
1.0,0.25,0.675,0.9910074536781176,0.07161690701765405
1.0,0.25,0.6833333333333333,0.991584969927282,0.06703698965724515
1.0,0.25,0.6916666666666667,0.992125543812062,0.06274762126248104
1.0,0.25,0.7,0.992631520201128,0.0587306604127903
1.0,0.25,0.7083333333333333,0.9931050973968729,0.05496906209739062
1.0,0.25,0.7166666666666666,0.9935483360130887,0.05144681602249067
1.0,0.25,0.7250000000000001,0.9939631673505832,0.0481488878015865
1.0,0.25,0.7333333333333334,0.994351401294543,0.045061162974314374
1.0,0.25,0.7416666666666667,0.9947147337569464,0.042170393787389175
1.0,0.25,0.75,0.9950547536867305,0.039464148661760776
1.0,0.25,0.7583333333333333,0.9953729496697592,0.036930764262891984
1.0,0.25,0.7666666666666666,0.9956707161399166,0.0345593000857019
1.0,0.25,0.7749999999999999,0.9959493592219002,0.03233949546194531
1.0,0.25,0.7833333333333334,0.9962101022255075,0.030261728895375508
1.0,0.25,0.7916666666666667,0.9964540908104157,0.028316979628751147
1.0,0.25,0.8,0.9966823978396512,0.026496791346413334
1.0,0.25,0.8083333333333333,0.9968960279391453,0.024793237916619085
1.0,0.25,0.8166666666666667,0.9970959217799802,0.02319889107892663
1.0,0.25,0.825,0.9972829600991421,0.021706789983571933
1.0,0.25,0.8333333333333333,0.9974579674738373,0.02031041249184547
1.0,0.25,0.8416666666666666,0.9976217158636728,0.019003648148885773
1.0,0.25,0.8500000000000001,0.9977749279342794,0.017780772742974533
1.0,0.25,0.8583333333333334,0.9979182801752505,0.01663642436828082
1.0,0.25,0.8666666666666667,0.9980524058245887,0.015565580911002788
1.0,0.25,0.875,0.9981778976111987,0.014563538881949225
1.0,0.25,0.8833333333333333,0.9982953103263399,0.013625893521746587
1.0,0.25,0.8916666666666666,0.9984051632343429,0.012748520108020368
1.0,0.25,0.8999999999999999,0.9985079423323266,0.011927556397052511
1.0,0.25,0.9083333333333334,0.998604102468098,0.011159386135537564
1.0,0.25,0.9166666666666667,0.9986940693248946,0.010440623581130341
1.0,0.25,0.925,0.9987782412811312,0.00976809897348189
1.0,0.25,0.9333333333333333,0.9988569911528391,0.009138844900388141
1.0,0.25,0.9416666666666667,0.9989306678260365,0.008550083506515229
1.0,0.25,0.95,0.9989995977858409,0.007999214494912652
1.0,0.25,0.9583333333333333,0.9990640865487341,0.007483803874173931
1.0,0.25,0.9666666666666666,0.9991244200040039,0.00700157340665135
1.0,0.25,0.9750000000000001,0.999180865670028,0.006550390715574645
1.0,0.25,0.9833333333333334,0.9992336738707239,0.006128260011262853
1.0,0.25,0.9916666666666667,0.9992830788371665,0.005733313398853224
1.0,0.25,1.0,0.999329299739067,0.005363802732103589
1.0,0.5,-1.0,-0.9640275800758169,0.1413016497063289
1.0,0.5,-0.9916666666666667,-0.9628309507303566,0.14591312063135511
1.0,0.5,-0.9833333333333333,-0.9615952936543816,0.1506689824434874
1.0,0.5,-0.975,-0.960319388531845,0.15557334401964673
1.0,0.5,-0.9666666666666667,-0.9590019804360366,0.1606304030395194
1.0,0.5,-0.9583333333333334,-0.9576417790898646,0.16584444588319797
1.0,0.5,-0.95,-0.9562374581277391,0.17121984734680104
1.0,0.5,-0.9416666666666667,-0.9547876543606354,0.17676107016103174
1.0,0.5,-0.9333333333333333,-0.9532909670460458,0.1824726642968296
1.0,0.5,-0.925,-0.9517459571646616,0.18835926604144426
1.0,0.5,-0.9166666666666666,-0.9501511467057719,0.19442559682741337
1.0,0.5,-0.9083333333333333,-0.9485050179635143,0.20067646179606688
1.0,0.5,-0.9,-0.9468060128462683,0.20711674807630406
1.0,0.5,-0.8916666666666666,-0.9450525322016492,0.21375142275850165
1.0,0.5,-0.8833333333333333,-0.9432429351597283,0.22058553054252097
1.0,0.5,-0.875,-0.9413755384972874,0.22762419103788445
1.0,0.5,-0.8666666666666667,-0.9394486160260991,0.2348725956932941
1.0,0.5,-0.8583333333333334,-0.9374603980084224,0.2423360043317806
1.0,0.5,-0.85,-0.935409070603099,0.25001974126689314
1.0,0.5,-0.8416666666666667,-0.933292775345849,0.2579291909744853
1.0,0.5,-0.8333333333333334,-0.9311096086675776,0.26606979329382086
1.0,0.5,-0.825,-0.9288576214547276,0.27444703813093185
1.0,0.5,-0.8166666666666667,-0.9265348186559406,0.28306645963640686
1.0,0.5,-0.8083333333333333,-0.924139158939525,0.29193362982909443
1.0,0.5,-0.8,-0.9216685544064713,0.30105415163657095
1.0,0.5,-0.7916666666666666,-0.9191208703639935,0.31043365132267
1.0,0.5,-0.7833333333333333,-0.9164939251648362,0.3200777702719034
1.0,0.5,-0.775,-0.9137854901178277,0.3299921561002426
1.0,0.5,-0.7666666666666666,-0.9109932894754259,0.3401824530614858
1.0,0.5,-0.7583333333333333,-0.9081150005042512,0.3506542917183277
1.0,0.5,-0.75,-0.9051482536448664,0.36141327784729715
1.0,0.5,-0.7416666666666667,-0.9020906327673134,0.3724649805469362
1.0,0.5,-0.7333333333333334,-0.8989396755291731,0.3838149195190099
1.0,0.5,-0.725,-0.8956928738431645,0.39546855149314597
1.0,0.5,-0.7166666666666667,-0.892347674461541,0.4074312557661595
1.0,0.5,-0.7083333333333333,-0.8889014796847765,0.41970831882842985
1.0,0.5,-0.7,-0.8853516482022625,0.4323049180510745
1.0,0.5,-0.6916666666666667,-0.881695496072943,0.44522610440937405
1.0,0.5,-0.6833333333333333,-0.8779302978540161,0.4584767842199169
1.0,0.5,-0.675,-0.874053287886007,0.47206169987132185
1.0,0.5,-0.6666666666666667,-0.870061661742672,0.4859854095311607
1.0,0.5,-0.6583333333333333,-0.8659525778543281,0.5002522658148876
1.0,0.5,-0.65,-0.8617231593133063,0.5148663934061881
1.0,0.5,-0.6416666666666666,-0.857370495870292,0.529831665622259
1.0,0.5,-0.6333333333333333,-0.8528916461303621,0.5451516799220826
1.0,0.5,-0.625,-0.8482836399575129,0.5608297323608654
1.0,0.5,-0.6166666666666667,-0.8435434810964321,0.5768687909994268
1.0,0.5,-0.6083333333333334,-0.838668150020162,0.5932714682835181
1.0,0.5,-0.6,-0.8336546070121552,0.6100399924148181
1.0,0.5,-0.5916666666666667,-0.8284997954910082,0.6271761777427154
1.0,0.5,-0.5833333333333333,-0.8232006455858831,0.6446813942139706
1.0,0.5,-0.575,-0.8177540779702877,0.6625565359259292
1.0,0.5,-0.5666666666666667,-0.8121570079614576,0.6808019888381857
1.0,0.5,-0.5583333333333333,-0.8064063498920953,0.6994175977074152
1.0,0.5,-0.55,-0.8004990217606297,0.7184026323205497
1.0,0.5,-0.5416666666666667,-0.7944319501654965,0.737755753112492
1.0,0.5,-0.5333333333333333,-0.7882020755281642,0.7574749762661881
1.0,0.5,-0.525,-0.7818063576087741,0.7775576384050032
1.0,0.5,-0.5166666666666666,-0.7752417813172864,0.7980003610000013
1.0,0.5,-0.5083333333333333,-0.7685053628219556,0.8187990146277889
1.0,0.5,-0.5,-0.7615941559557649,0.839948683228052
1.0,0.5,-0.4916666666666667,-0.7545052589201566,0.8614436285236551
1.0,0.5,-0.4833333333333333,-0.7472358212839743,0.8832772547801292
1.0,0.5,-0.475,-0.7397830512740042,0.9054420740954479
1.0,0.5,-0.4666666666666667,-0.7321442233518527,0.927929672425025
1.0,0.5,-0.45833333333333337,-0.7243166860701286,0.9507306765607735
1.0,0.5,-0.44999999999999996,-0.7162978701990244,0.9738347222966833
1.0,0.5,-0.44166666666666665,-0.708085297112391,0.997230424026514
1.0,0.5,-0.43333333333333335,-0.6996765874203054,1.0209053460317516
1.0,0.5,-0.42500000000000004,-0.6910694698329306,1.044845975729664
1.0,0.5,-0.41666666666666663,-0.6822617902381697,1.0690376991620156
1.0,0.5,-0.4083333333333333,-0.6732515209732411,1.0934647790144347
1.0,0.5,-0.4,-0.664036770267849,1.1181103354644877
1.0,0.5,-0.3916666666666667,-0.654615791834111,1.1429563301627994
1.0,0.5,-0.3833333333333333,-0.6449869945758523,1.1679835536560188
1.0,0.5,-0.375,-0.6351489523872873,1.1931716165626627
1.0,0.5,-0.3666666666666667,-0.6251004140085176,1.21849894481276
1.0,0.5,-0.3583333333333333,-0.6148403129026968,1.2439427792594275
1.0,0.5,-0.35,-0.6043677771171635,1.2694791799649172
1.0,0.5,-0.3416666666666667,-0.5936821390883533,1.2950830354549538
1.0,0.5,-0.33333333333333337,-0.5827829453479102,1.3207280772232295
1.0,0.5,-0.32499999999999996,-0.5716699660851172,1.3463868997524822
1.0,0.5,-0.31666666666666665,-0.560343204518635,1.3720309862995743
1.0,0.5,-0.30833333333333335,-0.5488029060285572,1.397630740669221
1.0,0.5,-0.30000000000000004,-0.5370495669980353,1.4231555251744454
1.0,0.5,-0.29166666666666663,-0.5250839433121949,1.4485737049514311
1.0,0.5,-0.2833333333333333,-0.5129070584608085,1.4738526987621619
1.0,0.5,-0.275,-0.5005202111902353,1.4989590363801648
1.0,0.5,-0.2666666666666667,-0.4879249826495161,1.5238584226129388
1.0,0.5,-0.2583333333333333,-0.4751232429752499,1.5485158079693635
1.0,0.5,-0.25,-0.46211715726000974,1.572895465931855
1.0,0.5,-0.2416666666666667,-0.44890919084960434,1.5969610767415072
1.0,0.5,-0.23333333333333328,-0.4355021139154799,1.6206758175502964
1.0,0.5,-0.22499999999999998,-0.4218990052500079,1.6440024587381075
1.0,0.5,-0.21666666666666667,-0.4081032552343249,1.6669034661342954
1.0,0.5,-0.20833333333333337,-0.3941185679308146,1.689341108824328
1.0,0.5,-0.19999999999999996,-0.3799489622552248,1.7112775721623559
1.0,0.5,-0.19166666666666665,-0.365598772186825,1.7326750755509719
1.0,0.5,-0.18333333333333335,-0.35107264597890847,1.7534959944907362
1.0,0.5,-0.17500000000000004,-0.33637554433633227,1.7737029863448723
1.0,0.5,-0.16666666666666663,-0.3215127375316343,1.7932591192098286
1.0,0.5,-0.15833333333333333,-0.3064898014365669,1.8121280032307474
1.0,0.5,-0.15000000000000002,-0.29131261245159096,1.8302739236532581
1.0,0.5,-0.14166666666666672,-0.2759873413219677,1.8476619748600633
1.0,0.5,-0.1333333333333333,-0.26052044583550255,1.8642581946033416
1.0,0.5,-0.125,-0.24491866240370913,1.880029697612756
1.0,0.5,-0.1166666666666667,-0.22918899653509905,1.8949448077344688
1.0,0.5,-0.10833333333333328,-0.21333871221642275,1.9089731877396765
1.0,0.5,-0.09999999999999998,-0.19737532022490395,1.9220859659322334
1.0,0.5,-0.09166666666666667,-0.18130656540177167,1.934255858684426
1.0,0.5,-0.08333333333333337,-0.16514041292462942,1.9454572880381658
1.0,0.5,-0.07499999999999996,-0.1488850336233179,1.955666493525967
1.0,0.5,-0.06666666666666665,-0.13254878839087836,1.96486163739222
1.0,0.5,-0.05833333333333335,-0.11614021174790662,1.9730229024303025
1.0,0.5,-0.050000000000000044,-0.0996679946249559,1.9801325816948796
1.0,0.5,-0.04166666666666663,-0.08314096643359968,1.986175159400974
1.0,0.5,-0.033333333333333326,-0.06656807650226255,1.9911373823815781
1.0,0.5,-0.025000000000000022,-0.04995837495788002,1.9950083215431358
1.0,0.5,-0.01666666666666672,-0.03332099313882297,1.9977794228324852
1.0,0.5,-0.008333333333333304,-0.016665123628238552,1.9994445473089113
1.0,0.5,0.0,0.0,2.0
1.0,0.5,0.008333333333333304,0.016665123628238552,1.9994445473089113
1.0,0.5,0.016666666666666607,0.033320993138822745,1.9977794228324852
1.0,0.5,0.02499999999999991,0.049958374957879796,1.995008321543136
1.0,0.5,0.03333333333333344,0.06656807650226278,1.9911373823815781
1.0,0.5,0.04166666666666674,0.0831409664335999,1.986175159400974
1.0,0.5,0.050000000000000044,0.0996679946249559,1.9801325816948796
1.0,0.5,0.05833333333333335,0.11614021174790662,1.9730229024303025
1.0,0.5,0.06666666666666665,0.13254878839087836,1.96486163739222
1.0,0.5,0.07499999999999996,0.1488850336233179,1.955666493525967
1.0,0.5,0.08333333333333326,0.16514041292462922,1.9454572880381655
1.0,0.5,0.09166666666666656,0.18130656540177148,1.9342558586844265
1.0,0.5,0.10000000000000009,0.19737532022490417,1.9220859659322331
1.0,0.5,0.10833333333333339,0.21333871221642298,1.9089731877396767
1.0,0.5,0.1166666666666667,0.22918899653509905,1.8949448077344688
1.0,0.5,0.125,0.24491866240370913,1.880029697612756
1.0,0.5,0.1333333333333333,0.26052044583550255,1.8642581946033416
1.0,0.5,0.1416666666666666,0.2759873413219675,1.8476619748600633
1.0,0.5,0.1499999999999999,0.29131261245159074,1.8302739236532588
1.0,0.5,0.15833333333333344,0.30648980143656707,1.8121280032307479
1.0,0.5,0.16666666666666674,0.32151273753163445,1.7932591192098288
1.0,0.5,0.17500000000000004,0.33637554433633227,1.7737029863448723
1.0,0.5,0.18333333333333335,0.35107264597890847,1.7534959944907362
1.0,0.5,0.19166666666666665,0.365598772186825,1.7326750755509719
1.0,0.5,0.19999999999999996,0.3799489622552248,1.7112775721623559
1.0,0.5,0.20833333333333326,0.39411856793081446,1.6893411088243282
1.0,0.5,0.21666666666666656,0.40810325523432467,1.6669034661342952
1.0,0.5,0.2250000000000001,0.42189900525000806,1.6440024587381072
1.0,0.5,0.2333333333333334,0.4355021139154801,1.6206758175502964
1.0,0.5,0.2416666666666667,0.44890919084960434,1.5969610767415072
1.0,0.5,0.25,0.46211715726000974,1.572895465931855
1.0,0.5,0.2583333333333333,0.4751232429752499,1.5485158079693635
1.0,0.5,0.2666666666666666,0.48792498264951595,1.523858422612939
1.0,0.5,0.2749999999999999,0.500520211190235,1.4989590363801648
1.0,0.5,0.28333333333333344,0.5129070584608086,1.473852698762161
1.0,0.5,0.29166666666666674,0.5250839433121951,1.448573704951431
1.0,0.5,0.30000000000000004,0.5370495669980353,1.4231555251744454
1.0,0.5,0.30833333333333335,0.5488029060285572,1.397630740669221
1.0,0.5,0.31666666666666665,0.560343204518635,1.3720309862995743
1.0,0.5,0.32499999999999996,0.5716699660851172,1.3463868997524822
1.0,0.5,0.33333333333333326,0.58278294534791,1.32072807722323
1.0,0.5,0.34166666666666656,0.5936821390883532,1.2950830354549545
1.0,0.5,0.3500000000000001,0.6043677771171636,1.269479179964917
1.0,0.5,0.3583333333333334,0.614840312902697,1.243942779259427
1.0,0.5,0.3666666666666667,0.6251004140085176,1.21849894481276
1.0,0.5,0.375,0.6351489523872873,1.1931716165626627
1.0,0.5,0.3833333333333333,0.6449869945758523,1.1679835536560188
1.0,0.5,0.3916666666666666,0.6546157918341109,1.1429563301627998
1.0,0.5,0.3999999999999999,0.6640367702678489,1.1181103354644881
1.0,0.5,0.40833333333333344,0.6732515209732413,1.0934647790144347
1.0,0.5,0.41666666666666674,0.6822617902381698,1.0690376991620152
1.0,0.5,0.42500000000000004,0.6910694698329306,1.044845975729664
1.0,0.5,0.43333333333333335,0.6996765874203054,1.0209053460317516
1.0,0.5,0.44166666666666665,0.708085297112391,0.997230424026514
1.0,0.5,0.44999999999999996,0.7162978701990244,0.9738347222966833
1.0,0.5,0.45833333333333326,0.7243166860701284,0.950730676560774
1.0,0.5,0.46666666666666656,0.7321442233518526,0.9279296724250254
1.0,0.5,0.4750000000000001,0.7397830512740043,0.9054420740954475
1.0,0.5,0.4833333333333334,0.7472358212839743,0.8832772547801289
1.0,0.5,0.4916666666666667,0.7545052589201566,0.8614436285236551
1.0,0.5,0.5,0.7615941559557649,0.839948683228052
1.0,0.5,0.5083333333333333,0.7685053628219556,0.8187990146277889
1.0,0.5,0.5166666666666666,0.7752417813172864,0.7980003610000013
1.0,0.5,0.5249999999999999,0.781806357608774,0.7775576384050035
1.0,0.5,0.5333333333333334,0.7882020755281643,0.7574749762661878
1.0,0.5,0.5416666666666667,0.7944319501654965,0.737755753112492
1.0,0.5,0.55,0.8004990217606297,0.7184026323205497
1.0,0.5,0.5583333333333333,0.8064063498920953,0.6994175977074152
1.0,0.5,0.5666666666666667,0.8121570079614576,0.6808019888381857
1.0,0.5,0.575,0.8177540779702877,0.6625565359259292
1.0,0.5,0.5833333333333333,0.8232006455858831,0.6446813942139706
1.0,0.5,0.5916666666666666,0.8284997954910082,0.6271761777427154
1.0,0.5,0.6000000000000001,0.8336546070121553,0.6100399924148178
1.0,0.5,0.6083333333333334,0.838668150020162,0.5932714682835181
1.0,0.5,0.6166666666666667,0.8435434810964321,0.5768687909994268
1.0,0.5,0.625,0.8482836399575129,0.5608297323608654
1.0,0.5,0.6333333333333333,0.8528916461303621,0.5451516799220826
1.0,0.5,0.6416666666666666,0.857370495870292,0.529831665622259
1.0,0.5,0.6499999999999999,0.8617231593133063,0.514866393406188
1.0,0.5,0.6583333333333334,0.8659525778543282,0.5002522658148872
1.0,0.5,0.6666666666666667,0.870061661742672,0.4859854095311607
1.0,0.5,0.675,0.874053287886007,0.47206169987132185
1.0,0.5,0.6833333333333333,0.8779302978540161,0.4584767842199169
1.0,0.5,0.6916666666666667,0.881695496072943,0.44522610440937405
1.0,0.5,0.7,0.8853516482022625,0.4323049180510745
1.0,0.5,0.7083333333333333,0.8889014796847765,0.41970831882842985
1.0,0.5,0.7166666666666666,0.8923476744615408,0.4074312557661597
1.0,0.5,0.7250000000000001,0.8956928738431645,0.39546855149314586
1.0,0.5,0.7333333333333334,0.8989396755291731,0.3838149195190099
1.0,0.5,0.7416666666666667,0.9020906327673134,0.3724649805469362
1.0,0.5,0.75,0.9051482536448664,0.36141327784729715
1.0,0.5,0.7583333333333333,0.9081150005042512,0.3506542917183277
1.0,0.5,0.7666666666666666,0.9109932894754259,0.3401824530614858
1.0,0.5,0.7749999999999999,0.9137854901178277,0.32999215610024274
1.0,0.5,0.7833333333333334,0.9164939251648362,0.3200777702719032
1.0,0.5,0.7916666666666667,0.9191208703639936,0.3104336513226698
1.0,0.5,0.8,0.9216685544064713,0.30105415163657095
1.0,0.5,0.8083333333333333,0.924139158939525,0.29193362982909443
1.0,0.5,0.8166666666666667,0.9265348186559406,0.28306645963640686
1.0,0.5,0.825,0.9288576214547276,0.27444703813093185
1.0,0.5,0.8333333333333333,0.9311096086675776,0.2660697932938208
1.0,0.5,0.8416666666666666,0.933292775345849,0.2579291909744854
1.0,0.5,0.8500000000000001,0.935409070603099,0.25001974126689314
1.0,0.5,0.8583333333333334,0.9374603980084224,0.2423360043317806
1.0,0.5,0.8666666666666667,0.9394486160260991,0.2348725956932941
1.0,0.5,0.875,0.9413755384972874,0.22762419103788445
1.0,0.5,0.8833333333333333,0.9432429351597283,0.22058553054252097
1.0,0.5,0.8916666666666666,0.9450525322016492,0.21375142275850165
1.0,0.5,0.8999999999999999,0.9468060128462683,0.20711674807630415
1.0,0.5,0.9083333333333334,0.9485050179635143,0.2006764617960668
1.0,0.5,0.9166666666666667,0.9501511467057719,0.19442559682741328
1.0,0.5,0.925,0.9517459571646616,0.18835926604144426
1.0,0.5,0.9333333333333333,0.9532909670460458,0.1824726642968296
1.0,0.5,0.9416666666666667,0.9547876543606354,0.17676107016103174
1.0,0.5,0.95,0.9562374581277391,0.17121984734680104
1.0,0.5,0.9583333333333333,0.9576417790898646,0.16584444588319805
1.0,0.5,0.9666666666666666,0.9590019804360366,0.16063040303951948
1.0,0.5,0.9750000000000001,0.960319388531845,0.15557334401964665
1.0,0.5,0.9833333333333334,0.9615952936543816,0.1506689824434873
1.0,0.5,0.9916666666666667,0.9628309507303566,0.14591312063135511
1.0,0.5,1.0,0.9640275800758169,0.1413016497063289
1.0,1,-1.0,-0.7615941559557649,0.419974341614026
1.0,1,-0.9916666666666667,-0.7580720981490319,0.42532669400792444
1.0,1,-0.9833333333333333,-0.7545052589201565,0.4307218142618276
1.0,1,-0.975,-0.7508932836251672,0.4361592766066143
1.0,1,-0.9666666666666667,-0.7472358212839743,0.44163862739006454
1.0,1,-0.9583333333333334,-0.7435325248149615,0.44715938454228865
1.0,1,-0.95,-0.7397830512740042,0.45272103704772393
1.0,1,-0.9416666666666667,-0.7359870620978585,0.4583230444245629
1.0,1,-0.9333333333333333,-0.7321442233518527,0.4639648362125125
1.0,1,-0.925,-0.7282542059818115,0.4696458114698013
1.0,1,-0.9166666666666666,-0.7243166860701286,0.47536533828038685
1.0,1,-0.9083333333333333,-0.7203313450959006,0.48112275327233056
1.0,1,-0.9,-0.7162978701990245,0.48691736114834155
1.0,1,-0.8916666666666666,-0.7122159544481523,0.49274843422950754
1.0,1,-0.8833333333333333,-0.708085297112391,0.498615212013257
1.0,1,-0.875,-0.703905603936621,0.5045169007466209
1.0,1,-0.8666666666666667,-0.6996765874203054,0.5104526730158758
1.0,1,-0.8583333333333334,-0.6953979670996447,0.5164216673536814
1.0,1,-0.85,-0.6910694698329306,0.5224229878648322
1.0,1,-0.8416666666666667,-0.6866908300889353,0.528455703871769
1.0,1,-0.8333333333333334,-0.6822617902381697,0.5345188495810078
1.0,1,-0.825,-0.6777821008468295,0.5406114237716583
1.0,1,-0.8166666666666667,-0.6732515209732411,0.5467323895072174
1.0,1,-0.8083333333333333,-0.6686698184666081,0.5528806738718334
1.0,1,-0.8,-0.664036770267849,0.5590551677322438
1.0,1,-0.7916666666666666,-0.6593521627123083,0.5652547255266017
1.0,1,-0.7833333333333333,-0.6546157918341109,0.5714781650813999
1.0,1,-0.775,-0.6498274636719203,0.577724267457719
1.0,1,-0.7666666666666666,-0.6449869945758523,0.5839917768280094
1.0,1,-0.7583333333333333,-0.6400942115152839,0.5902794003846271
1.0,1,-0.75,-0.6351489523872873,0.5965858082813313
1.0,1,-0.7416666666666667,-0.6301510663254114,0.6029096336089469
1.0,1,-0.7333333333333334,-0.6251004140085176,0.60924947240638
1.0,1,-0.725,-0.619996867969374,0.6156038837081665
1.0,1,-0.7166666666666667,-0.6148403129026969,0.6219713896297137
1.0,1,-0.7083333333333333,-0.6096306459723195,0.6283504754913722
1.0,1,-0.7,-0.6043677771171635,0.6347395899824586
1.0,1,-0.6916666666666667,-0.5990516293556706,0.6411371453663164
1.0,1,-0.6833333333333333,-0.5936821390883533,0.6475415177274769
1.0,1,-0.675,-0.5882592563981054,0.6539510472619482
1.0,1,-0.6666666666666667,-0.5827829453479102,0.6603640386116147
1.0,1,-0.6583333333333333,-0.5772531842755758,0.666778761243708
1.0,1,-0.65,-0.5716699660851172,0.673193449876241
1.0,1,-0.6416666666666666,-0.566033298534397,0.6796063049502702
1.0,1,-0.6333333333333333,-0.560343204518635,0.6860154931497872
1.0,1,-0.625,-0.5545997223493823,0.692419147969988
1.0,1,-0.6166666666666667,-0.5488029060285572,0.6988153703346105
1.0,1,-0.6083333333333334,-0.5429528255171291,0.705202229262966
1.0,1,-0.6,-0.5370495669980353,0.7115777625872228
1.0,1,-0.5916666666666667,-0.5310932331329091,0.7179399777204335
1.0,1,-0.5833333333333333,-0.5250839433121949,0.7242868524757156
1.0,1,-0.575,-0.5190218338982221,0.7306163359369263
1.0,1,-0.5666666666666667,-0.5129070584608085,0.7369263493810809
1.0,1,-0.5583333333333333,-0.5067397880049601,0.743214787252688
1.0,1,-0.55,-0.5005202111902353,0.7494795181900824
1.0,1,-0.5416666666666667,-0.49424853454133916,0.7557183861037388
1.0,1,-0.5333333333333333,-0.487924982649516,0.7619292113064695
1.0,1,-0.525,-0.481549798364308,0.7681097916952944
1.0,1,-0.5166666666666666,-0.4751232429752499,0.7742579039846818
1.0,1,-0.5083333333333333,-0.4686455963830753,0.7803713049907518
1.0,1,-0.5,-0.46211715726000974,0.7864477329659275
1.0,1,-0.4916666666666667,-0.4555382431987339,0.7924849089834111
1.0,1,-0.4833333333333333,-0.44890919084960423,0.7984805383707537
1.0,1,-0.475,-0.4422303560457262,0.8044323121916702
1.0,1,-0.4666666666666667,-0.43550211391548,0.8103379087751483
1.0,1,-0.45833333333333337,-0.4287248589821118,0.8161949952907683
1.0,1,-0.44999999999999996,-0.4218990052500079,0.8220012293690537
1.0,1,-0.44166666666666665,-0.4150249862772832,0.8277542607655408
1.0,1,-0.43333333333333335,-0.4081032552343249,0.8334517330671477
1.0,1,-0.42500000000000004,-0.40113428494794595,0.8390912854393002
1.0,1,-0.41666666666666663,-0.3941185679308145,0.8446705544121639
1.0,1,-0.4083333333333333,-0.38705661639584205,0.850187175704202
1.0,1,-0.4,-0.3799489622552249,0.8556387860811777
1.0,1,-0.3916666666666667,-0.3727961571038546,0.8610230252485981
1.0,1,-0.3833333333333333,-0.365598772186825,0.8663375377754859
1.0,1,-0.375,-0.35835739835078595,0.8715799750472559
1.0,1,-0.3666666666666667,-0.35107264597890847,0.8767479972453681
1.0,1,-0.3583333333333333,-0.3437451449092509,0.881839275351318
1.0,1,-0.35,-0.3363755443363322,0.8868514931724364
1.0,1,-0.3416666666666667,-0.32896451269574106,0.8917823493868536
1.0,1,-0.33333333333333337,-0.3215127375316344,0.8966295596049144
1.0,1,-0.32499999999999996,-0.31402092534699755,0.9013908584442154
1.0,1,-0.31666666666666665,-0.3064898014365669,0.9060640016153737
1.0,1,-0.30833333333333335,-0.2989201097023353,0.9106467680155438
1.0,1,-0.30000000000000004,-0.29131261245159096,0.9151369618266291
1.0,1,-0.29166666666666663,-0.28366809017746203,0.9195324146150715
1.0,1,-0.2833333333333333,-0.2759873413219676,0.9238309874300319
1.0,1,-0.275,-0.2682711820216014,0.9280305728967329
1.0,1,-0.2666666666666667,-0.26052044583550266,0.9321290973016709
1.0,1,-0.2583333333333333,-0.252735983456296,0.9361245226663788
1.0,1,-0.25,-0.24491866240370913,0.940014848806378
1.0,1,-0.2416666666666667,-0.2370693667011055,0.9437981153719367
1.0,1,-0.23333333333333328,-0.22918899653509894,0.9474724038672344
1.0,1,-0.22499999999999998,-0.22127846789844396,0.9510358396445173
1.0,1,-0.21666666666666667,-0.21333871221642287,0.9544865938698384
1.0,1,-0.20833333333333337,-0.20537067595698344,0.9578228854569717
1.0,1,-0.19999999999999996,-0.19737532022490395,0.9610429829661167
1.0,1,-0.19166666666666665,-0.18935362034029507,0.9641452064640234
1.0,1,-0.18333333333333335,-0.18130656540177167,0.967127929342213
1.0,1,-0.17500000000000004,-0.17323515783466015,0.9699895800900004
1.0,1,-0.16666666666666663,-0.1651404129246293,0.9727286440190831
1.0,1,-0.15833333333333333,-0.15702335833716335,0.9753436649365188
1.0,1,-0.15000000000000002,-0.148885033623318,0.9778332467629836
1.0,1,-0.14166666666666672,-0.14072648971223098,0.9801960550932733
1.0,1,-0.1333333333333333,-0.13254878839087836,0.98243081869611
1.0,1,-0.125,-0.12435300177159621,0.9845363309503933
1.0,1,-0.1166666666666667,-0.11614021174790662,0.9865114512151513
1.0,1,-0.10833333333333328,-0.10791150943921403,0.9883551061305504
1.0,1,-0.09999999999999998,-0.09966799462495579,0.9900662908474398
1.0,1,-0.09166666666666667,-0.09141077516881176,0.9916440701830368
1.0,1,-0.08333333333333337,-0.08314096643359979,0.993087579700487
1.0,1,-0.07499999999999996,-0.07485969068749905,0.9943960267101721
1.0,1,-0.06666666666666665,-0.06656807650226255,0.9955686911907891
1.0,1,-0.05833333333333335,-0.05826725814409373,0.9966049266283695
1.0,1,-0.050000000000000044,-0.04995837495788002,0.9975041607715679
1.0,1,-0.04166666666666663,-0.04164257074548591,0.9982658963017073
1.0,1,-0.033333333333333326,-0.033320993138822856,0.9988897114162426
1.0,1,-0.025000000000000022,-0.02499479296842071,0.9993752603244658
1.0,1,-0.01666666666666672,-0.016665123628238663,0.9997222736544554
1.0,1,-0.008333333333333304,-0.008333140437456954,0.9999305587704497
1.0,1,0.0,0.0,1.0
1.0,1,0.008333333333333304,0.008333140437456954,0.9999305587704497
1.0,1,0.016666666666666607,0.016665123628238552,0.9997222736544557
1.0,1,0.02499999999999991,0.0249947929684206,0.9993752603244657
1.0,1,0.03333333333333344,0.03332099313882297,0.9988897114162426
1.0,1,0.04166666666666674,0.041642570745486024,0.998265896301707
1.0,1,0.050000000000000044,0.04995837495788002,0.9975041607715679
1.0,1,0.05833333333333335,0.05826725814409373,0.9966049266283695
1.0,1,0.06666666666666665,0.06656807650226255,0.9955686911907891
1.0,1,0.07499999999999996,0.07485969068749905,0.9943960267101721
1.0,1,0.08333333333333326,0.08314096643359968,0.993087579700487
1.0,1,0.09166666666666656,0.09141077516881164,0.9916440701830371
1.0,1,0.10000000000000009,0.0996679946249559,0.9900662908474398
1.0,1,0.10833333333333339,0.10791150943921414,0.9883551061305504
1.0,1,0.1166666666666667,0.11614021174790662,0.9865114512151513
1.0,1,0.125,0.12435300177159621,0.9845363309503933
1.0,1,0.1333333333333333,0.13254878839087836,0.98243081869611
1.0,1,0.1416666666666666,0.14072648971223087,0.9801960550932735
1.0,1,0.1499999999999999,0.1488850336233179,0.9778332467629836
1.0,1,0.15833333333333344,0.15702335833716347,0.9753436649365186
1.0,1,0.16666666666666674,0.16514041292462942,0.9727286440190829
1.0,1,0.17500000000000004,0.17323515783466015,0.9699895800900004
1.0,1,0.18333333333333335,0.18130656540177167,0.967127929342213
1.0,1,0.19166666666666665,0.18935362034029507,0.9641452064640234
1.0,1,0.19999999999999996,0.19737532022490395,0.9610429829661167
1.0,1,0.20833333333333326,0.20537067595698333,0.9578228854569717
1.0,1,0.21666666666666656,0.21333871221642275,0.9544865938698383
1.0,1,0.2250000000000001,0.22127846789844405,0.9510358396445172
1.0,1,0.2333333333333334,0.22918899653509905,0.9474724038672344
1.0,1,0.2416666666666667,0.2370693667011055,0.9437981153719367
1.0,1,0.25,0.24491866240370913,0.940014848806378
1.0,1,0.2583333333333333,0.252735983456296,0.9361245226663788
1.0,1,0.2666666666666666,0.26052044583550255,0.9321290973016708
1.0,1,0.2749999999999999,0.2682711820216013,0.928030572896733
1.0,1,0.28333333333333344,0.2759873413219677,0.9238309874300317
1.0,1,0.29166666666666674,0.2836680901774621,0.9195324146150713
1.0,1,0.30000000000000004,0.29131261245159096,0.9151369618266291
1.0,1,0.30833333333333335,0.2989201097023353,0.9106467680155438
1.0,1,0.31666666666666665,0.3064898014365669,0.9060640016153737
1.0,1,0.32499999999999996,0.31402092534699755,0.9013908584442154
1.0,1,0.33333333333333326,0.3215127375316343,0.8966295596049143
1.0,1,0.34166666666666656,0.32896451269574095,0.8917823493868537
1.0,1,0.3500000000000001,0.33637554433633227,0.8868514931724362
1.0,1,0.3583333333333334,0.343745144909251,0.881839275351318
1.0,1,0.3666666666666667,0.35107264597890847,0.8767479972453681
1.0,1,0.375,0.35835739835078595,0.8715799750472559
1.0,1,0.3833333333333333,0.365598772186825,0.8663375377754859
1.0,1,0.3916666666666666,0.3727961571038545,0.8610230252485983
1.0,1,0.3999999999999999,0.3799489622552248,0.8556387860811779
1.0,1,0.40833333333333344,0.38705661639584216,0.8501871757042019
1.0,1,0.41666666666666674,0.3941185679308146,0.844670554412164
1.0,1,0.42500000000000004,0.40113428494794595,0.8390912854393002
1.0,1,0.43333333333333335,0.4081032552343249,0.8334517330671477
1.0,1,0.44166666666666665,0.4150249862772832,0.8277542607655408
1.0,1,0.44999999999999996,0.4218990052500079,0.8220012293690537
1.0,1,0.45833333333333326,0.42872485898211177,0.8161949952907686
1.0,1,0.46666666666666656,0.4355021139154799,0.8103379087751482
1.0,1,0.4750000000000001,0.44223035604572625,0.80443231219167
1.0,1,0.4833333333333334,0.44890919084960434,0.7984805383707536
1.0,1,0.4916666666666667,0.4555382431987339,0.7924849089834111
1.0,1,0.5,0.46211715726000974,0.7864477329659275
1.0,1,0.5083333333333333,0.4686455963830753,0.7803713049907518
1.0,1,0.5166666666666666,0.4751232429752499,0.7742579039846818
1.0,1,0.5249999999999999,0.48154979836430795,0.7681097916952944
1.0,1,0.5333333333333334,0.4879249826495161,0.7619292113064694
1.0,1,0.5416666666666667,0.49424853454133916,0.7557183861037388
1.0,1,0.55,0.5005202111902353,0.7494795181900824
1.0,1,0.5583333333333333,0.5067397880049601,0.743214787252688
1.0,1,0.5666666666666667,0.5129070584608085,0.7369263493810809
1.0,1,0.575,0.5190218338982221,0.7306163359369263
1.0,1,0.5833333333333333,0.5250839433121949,0.7242868524757156
1.0,1,0.5916666666666666,0.5310932331329091,0.7179399777204336
1.0,1,0.6000000000000001,0.5370495669980353,0.7115777625872227
1.0,1,0.6083333333333334,0.5429528255171291,0.705202229262966
1.0,1,0.6166666666666667,0.5488029060285572,0.6988153703346105
1.0,1,0.625,0.5545997223493823,0.692419147969988
1.0,1,0.6333333333333333,0.560343204518635,0.6860154931497872
1.0,1,0.6416666666666666,0.566033298534397,0.6796063049502702
1.0,1,0.6499999999999999,0.5716699660851172,0.6731934498762411
1.0,1,0.6583333333333334,0.5772531842755759,0.666778761243708
1.0,1,0.6666666666666667,0.5827829453479102,0.6603640386116147
1.0,1,0.675,0.5882592563981054,0.6539510472619482
1.0,1,0.6833333333333333,0.5936821390883533,0.6475415177274769
1.0,1,0.6916666666666667,0.5990516293556706,0.6411371453663164
1.0,1,0.7,0.6043677771171635,0.6347395899824586
1.0,1,0.7083333333333333,0.6096306459723195,0.6283504754913722
1.0,1,0.7166666666666666,0.6148403129026968,0.6219713896297138
1.0,1,0.7250000000000001,0.6199968679693741,0.6156038837081665
1.0,1,0.7333333333333334,0.6251004140085176,0.60924947240638
1.0,1,0.7416666666666667,0.6301510663254114,0.6029096336089469
1.0,1,0.75,0.6351489523872873,0.5965858082813313
1.0,1,0.7583333333333333,0.6400942115152839,0.5902794003846271
1.0,1,0.7666666666666666,0.6449869945758523,0.5839917768280094
1.0,1,0.7749999999999999,0.6498274636719203,0.5777242674577191
1.0,1,0.7833333333333334,0.654615791834111,0.5714781650813997
1.0,1,0.7916666666666667,0.6593521627123083,0.5652547255266016
1.0,1,0.8,0.664036770267849,0.5590551677322438
1.0,1,0.8083333333333333,0.6686698184666081,0.5528806738718334
1.0,1,0.8166666666666667,0.6732515209732411,0.5467323895072174
1.0,1,0.825,0.6777821008468295,0.5406114237716583
1.0,1,0.8333333333333333,0.6822617902381697,0.5345188495810078
1.0,1,0.8416666666666666,0.6866908300889353,0.5284557038717692
1.0,1,0.8500000000000001,0.6910694698329306,0.522422987864832
1.0,1,0.8583333333333334,0.6953979670996447,0.5164216673536814
1.0,1,0.8666666666666667,0.6996765874203054,0.5104526730158758
1.0,1,0.875,0.703905603936621,0.5045169007466209
1.0,1,0.8833333333333333,0.708085297112391,0.498615212013257
1.0,1,0.8916666666666666,0.7122159544481523,0.49274843422950754
1.0,1,0.8999999999999999,0.7162978701990244,0.48691736114834167
1.0,1,0.9083333333333334,0.7203313450959007,0.48112275327233045
1.0,1,0.9166666666666667,0.7243166860701286,0.47536533828038674
1.0,1,0.925,0.7282542059818115,0.4696458114698013
1.0,1,0.9333333333333333,0.7321442233518527,0.4639648362125125
1.0,1,0.9416666666666667,0.7359870620978585,0.4583230444245629
1.0,1,0.95,0.7397830512740042,0.45272103704772393
1.0,1,0.9583333333333333,0.7435325248149615,0.4471593845422888
1.0,1,0.9666666666666666,0.7472358212839743,0.4416386273900646
1.0,1,0.9750000000000001,0.7508932836251672,0.43615927660661413
1.0,1,0.9833333333333334,0.7545052589201566,0.43072181426182754
1.0,1,0.9916666666666667,0.7580720981490319,0.42532669400792444
1.0,1,1.0,0.7615941559557649,0.419974341614026
1.0,2,-1.0,-0.46211715726000974,0.39322386648296376
1.0,2,-0.9916666666666667,-0.4588339890041911,0.3947356852672509
1.0,2,-0.9833333333333333,-0.45553824319873387,0.39624245449170564
1.0,2,-0.975,-0.4522299625215583,0.397744030498875
1.0,2,-0.9666666666666667,-0.4489091908496043,0.3992402691853768
1.0,2,-0.9583333333333334,-0.44557597326244924,0.40073102602561056
1.0,2,-0.95,-0.4422303560457262,0.4022161560958351
1.0,2,-0.9416666666666667,-0.43887238669434037,0.4036955140986067
1.0,2,-0.9333333333333333,-0.43550211391548,0.40516895438757417
1.0,2,-0.925,-0.4321195876314196,0.4066363309926259
1.0,2,-0.9166666666666666,-0.4287248589821118,0.4080974976453842
1.0,2,-0.9083333333333333,-0.4253179803275657,0.4095523078050402
1.0,2,-0.9,-0.42189900525000795,0.4110006146845268
1.0,2,-0.8916666666666666,-0.41846798855582507,0.41244227127702093
1.0,2,-0.8833333333333333,-0.4150249862772832,0.4138771303827704
1.0,2,-0.875,-0.41157005567402244,0.415305044636241
1.0,2,-0.8666666666666667,-0.4081032552343249,0.41672586653357385
1.0,2,-0.8583333333333334,-0.4046246446761513,0.4181394484603492
1.0,2,-0.85,-0.4011342849479459,0.41954564271965
1.0,2,-0.8416666666666667,-0.3976322382292062,0.42094430156041585
1.0,2,-0.8333333333333334,-0.39411856793081457,0.42233527720608205
1.0,2,-0.825,-0.39059333869513074,0.4237184218834954
1.0,2,-0.8166666666666667,-0.38705661639584205,0.425093587852101
1.0,2,-0.8083333333333333,-0.383508468137569,0.42646062743338753
1.0,2,-0.8,-0.3799489622552249,0.42781939304058886
1.0,2,-0.7916666666666666,-0.3763781683131265,0.42916973720862794
1.0,2,-0.7833333333333333,-0.37279615710385455,0.4305115126242991
1.0,2,-0.775,-0.3692030006468615,0.4318445721566768
1.0,2,-0.7666666666666666,-0.365598772186825,0.43316876888774297
1.0,2,-0.7583333333333333,-0.3619835461917456,0.4344839561432242
1.0,2,-0.75,-0.35835739835078595,0.43578998752362796
1.0,2,-0.7416666666666667,-0.3547204055718513,0.4370867169354706
1.0,2,-0.7333333333333334,-0.35107264597890847,0.43837399862268406
1.0,2,-0.725,-0.3474141989090428,0.4396516871981941
1.0,2,-0.7166666666666667,-0.34374514490925095,0.44091963767565895
1.0,2,-0.7083333333333333,-0.3400655657329686,0.44217770550135804
1.0,2,-0.7,-0.3363755443363322,0.4434257465862182
1.0,2,-0.6916666666666667,-0.33267516487417265,0.444663617337971
1.0,2,-0.6833333333333333,-0.32896451269574106,0.4458911746934268
1.0,2,-0.675,-0.32524367434016505,0.4471082761508543
1.0,2,-0.6666666666666667,-0.3215127375316344,0.4483147798024572
1.0,2,-0.6583333333333333,-0.31777179117431603,0.4495105443669334
1.0,2,-0.65,-0.3140209253469976,0.4506954292221077
1.0,2,-0.6416666666666666,-0.3102602312974581,0.45186929443762397
1.0,2,-0.6333333333333333,-0.3064898014365669,0.45303200080768685
1.0,2,-0.625,-0.3027097293321085,0.4541834098838408
1.0,2,-0.6166666666666667,-0.2989201097023353,0.4553233840077719
1.0,2,-0.6083333333333334,-0.2951210384092459,0.4564517863441242
1.0,2,-0.6,-0.2913126124515909,0.45756848091331453
1.0,2,-0.5916666666666667,-0.28749492995760423,0.4586733326243362
1.0,2,-0.5833333333333333,-0.28366809017746203,0.45976620730753576
1.0,2,-0.575,-0.2798321934754683,0.460846971747354
1.0,2,-0.5666666666666667,-0.2759873413219676,0.46191549371501595
1.0,2,-0.5583333333333333,-0.2721336362849863,0.4629716420011553
1.0,2,-0.55,-0.2682711820216014,0.4640152864483664
1.0,2,-0.5416666666666667,-0.26440008326903897,0.46504629798366265
1.0,2,-0.5333333333333333,-0.2605204458355026,0.4660645486508354
1.0,2,-0.525,-0.25663237659073246,0.46706991164269634
1.0,2,-0.5166666666666666,-0.252735983456296,0.4680622613331894
1.0,2,-0.5083333333333333,-0.24883137539561212,0.4690414733093639
1.0,2,-0.5,-0.24491866240370913,0.470007424403189
1.0,2,-0.4916666666666667,-0.24099795549671849,0.4709599927232009
1.0,2,-0.4833333333333333,-0.23706936670110546,0.47189905768596846
1.0,2,-0.475,-0.2331330090426386,0.47282450004736254
1.0,2,-0.4666666666666667,-0.229188996535099,0.4737362019336172
1.0,2,-0.45833333333333337,-0.2252374441687323,0.47463404687216854
1.0,2,-0.44999999999999996,-0.22127846789844396,0.47551791982225866
1.0,2,-0.44166666666666665,-0.2173121846317413,0.47638770720529006
1.0,2,-0.43333333333333335,-0.21333871221642287,0.4772432969349192
1.0,2,-0.42500000000000004,-0.20935816942801877,0.47808457844687446
1.0,2,-0.41666666666666663,-0.20537067595698338,0.4789114427284858
1.0,2,-0.4083333333333333,-0.20137635239564355,0.47972378234791274
1.0,2,-0.4,-0.197375320224904,0.48052149148305834
1.0,2,-0.3916666666666667,-0.19336770180071372,0.48130446595015525
1.0,2,-0.3833333333333333,-0.18935362034029507,0.4820726032320117
1.0,2,-0.375,-0.1853331999081395,0.48282580250590473
1.0,2,-0.3666666666666667,-0.18130656540177167,0.4835639646711065
1.0,2,-0.3583333333333333,-0.17727384253728626,0.4842869923760327
1.0,2,-0.35,-0.1732351578346601,0.48499479004500023
1.0,2,-0.3416666666666667,-0.16919063860284275,0.4856872639045811
1.0,2,-0.33333333333333337,-0.16514041292462936,0.48636432200954155
1.0,2,-0.32499999999999996,-0.16108460964131918,0.48702587426835187
1.0,2,-0.31666666666666665,-0.15702335833716335,0.4876718324682594
1.0,2,-0.30833333333333335,-0.1529567893236052,0.48830211029990717
1.0,2,-0.30000000000000004,-0.148885033623318,0.4889166233814918
1.0,2,-0.29166666666666663,-0.14480822295404266,0.48951528928244603
1.0,2,-0.2833333333333333,-0.14072648971223092,0.4900980275466367
1.0,2,-0.275,-0.1366399669564962,0.49066475971506385
1.0,2,-0.2666666666666667,-0.1325487883908784,0.491215409348055
1.0,2,-0.2583333333333333,-0.12845308834792538,0.49174990204694
1.0,2,-0.25,-0.12435300177159621,0.49226816547519664
1.0,2,-0.2416666666666667,-0.12024866419999015,0.492770129379059
1.0,2,-0.23333333333333328,-0.11614021174790656,0.4932557256075757
1.0,2,-0.22499999999999998,-0.11202778108923987,0.4937248881321107
1.0,2,-0.21666666666666667,-0.10791150943921408,0.4941775530652753
1.0,2,-0.20833333333333337,-0.10379153453646237,0.4946136586792831
1.0,2,-0.19999999999999996,-0.09966799462495579,0.4950331454237199
1.0,2,-0.19166666666666665,-0.09554102843578685,0.4954359559427161
1.0,2,-0.18333333333333335,-0.09141077516881176,0.4958220350915184
1.0,2,-0.17500000000000004,-0.08727737447415775,0.49619132995244886
1.0,2,-0.16666666666666663,-0.08314096643359974,0.49654378985024356
1.0,2,-0.15833333333333333,-0.07900169154181194,0.4968793663667662
1.0,2,-0.15000000000000002,-0.0748596906874991,0.497198013355086
1.0,2,-0.14166666666666672,-0.07071510513441354,0.4974996869529144
1.0,2,-0.1333333333333333,-0.06656807650226255,0.49778434559539453
1.0,2,-0.125,-0.062418746747512514,0.49805195002723496
1.0,2,-0.1166666666666667,-0.05826725814409373,0.49830246331418476
1.0,2,-0.10833333333333328,-0.054113753264013194,0.49853585085384067
1.0,2,-0.09999999999999998,-0.04995837495787996,0.4987520803857839
1.0,2,-0.09166666666666667,-0.045801266335348395,0.4989511220010393
1.0,2,-0.08333333333333337,-0.04164257074548597,0.4991329481508536
1.0,2,-0.07499999999999996,-0.03748243175707045,0.4992975336547883
1.0,2,-0.06666666666666665,-0.033320993138822856,0.4994448557081213
1.0,2,-0.05833333333333335,-0.029158398839581007,0.499574893888556
1.0,2,-0.050000000000000044,-0.02499479296842071,0.4996876301622329
1.0,2,-0.04166666666666663,-0.020830319774729367,0.4997830488890412
1.0,2,-0.033333333333333326,-0.016665123628238607,0.49986113682722777
1.0,2,-0.025000000000000022,-0.012499348999020875,0.49992188313730035
1.0,2,-0.01666666666666672,-0.00833314043745701,0.49996527938522484
1.0,2,-0.008333333333333304,-0.004166642554179778,0.4999913195449129
1.0,2,0.0,0.0,0.5
1.0,2,0.008333333333333304,0.004166642554179778,0.4999913195449129
1.0,2,0.016666666666666607,0.008333140437456954,0.49996527938522484
1.0,2,0.02499999999999991,0.01249934899902082,0.4999218831373004
1.0,2,0.03333333333333344,0.016665123628238663,0.4998611368272277
1.0,2,0.04166666666666674,0.020830319774729423,0.49978304888904124
1.0,2,0.050000000000000044,0.02499479296842071,0.4996876301622329
1.0,2,0.05833333333333335,0.029158398839581007,0.499574893888556
1.0,2,0.06666666666666665,0.033320993138822856,0.4994448557081213
1.0,2,0.07499999999999996,0.03748243175707045,0.4992975336547883
1.0,2,0.08333333333333326,0.04164257074548591,0.49913294815085363
1.0,2,0.09166666666666656,0.04580126633534834,0.49895112200103925
1.0,2,0.10000000000000009,0.04995837495788002,0.49875208038578395
1.0,2,0.10833333333333339,0.05411375326401325,0.4985358508538407
1.0,2,0.1166666666666667,0.05826725814409373,0.49830246331418476
1.0,2,0.125,0.062418746747512514,0.49805195002723496
1.0,2,0.1333333333333333,0.06656807650226255,0.49778434559539453
1.0,2,0.1416666666666666,0.07071510513441348,0.49749968695291447
1.0,2,0.1499999999999999,0.07485969068749905,0.49719801335508607
1.0,2,0.15833333333333344,0.079001691541812,0.49687936636676616
1.0,2,0.16666666666666674,0.08314096643359979,0.4965437898502435
1.0,2,0.17500000000000004,0.08727737447415775,0.49619132995244886
1.0,2,0.18333333333333335,0.09141077516881176,0.4958220350915184
1.0,2,0.19166666666666665,0.09554102843578685,0.4954359559427161
1.0,2,0.19999999999999996,0.09966799462495579,0.4950331454237199
1.0,2,0.20833333333333326,0.10379153453646231,0.4946136586792832
1.0,2,0.21666666666666656,0.10791150943921403,0.4941775530652752
1.0,2,0.2250000000000001,0.11202778108923993,0.49372488813211063
1.0,2,0.2333333333333334,0.11614021174790662,0.49325572560757563
1.0,2,0.2416666666666667,0.12024866419999015,0.492770129379059
1.0,2,0.25,0.12435300177159621,0.49226816547519664
1.0,2,0.2583333333333333,0.12845308834792538,0.49174990204694
1.0,2,0.2666666666666666,0.13254878839087836,0.491215409348055
1.0,2,0.2749999999999999,0.13663996695649613,0.49066475971506385
1.0,2,0.28333333333333344,0.14072648971223098,0.49009802754663667
1.0,2,0.29166666666666674,0.14480822295404272,0.48951528928244614
1.0,2,0.30000000000000004,0.148885033623318,0.4889166233814918
1.0,2,0.30833333333333335,0.1529567893236052,0.48830211029990717
1.0,2,0.31666666666666665,0.15702335833716335,0.4876718324682594
1.0,2,0.32499999999999996,0.16108460964131918,0.48702587426835187
1.0,2,0.33333333333333326,0.1651404129246293,0.48636432200954155
1.0,2,0.34166666666666656,0.1691906386028427,0.4856872639045812
1.0,2,0.3500000000000001,0.17323515783466015,0.4849947900450002
1.0,2,0.3583333333333334,0.1772738425372863,0.4842869923760327
1.0,2,0.3666666666666667,0.18130656540177167,0.4835639646711065
1.0,2,0.375,0.1853331999081395,0.48282580250590473
1.0,2,0.3833333333333333,0.18935362034029507,0.4820726032320117
1.0,2,0.3916666666666666,0.19336770180071366,0.48130446595015514
1.0,2,0.3999999999999999,0.19737532022490395,0.48052149148305834
1.0,2,0.40833333333333344,0.2013763523956436,0.47972378234791285
1.0,2,0.41666666666666674,0.20537067595698344,0.47891144272848585
1.0,2,0.42500000000000004,0.20935816942801877,0.47808457844687446
1.0,2,0.43333333333333335,0.21333871221642287,0.4772432969349192
1.0,2,0.44166666666666665,0.2173121846317413,0.47638770720529006
1.0,2,0.44999999999999996,0.22127846789844396,0.47551791982225866
1.0,2,0.45833333333333326,0.22523744416873223,0.47463404687216865
1.0,2,0.46666666666666656,0.22918899653509894,0.4737362019336172
1.0,2,0.4750000000000001,0.23313300904263864,0.4728245000473625
1.0,2,0.4833333333333334,0.2370693667011055,0.47189905768596835
1.0,2,0.4916666666666667,0.24099795549671849,0.4709599927232009
1.0,2,0.5,0.24491866240370913,0.470007424403189
1.0,2,0.5083333333333333,0.24883137539561212,0.4690414733093639
1.0,2,0.5166666666666666,0.252735983456296,0.4680622613331894
1.0,2,0.5249999999999999,0.2566323765907324,0.46706991164269634
1.0,2,0.5333333333333334,0.26052044583550266,0.46606454865083546
1.0,2,0.5416666666666667,0.26440008326903897,0.46504629798366265
1.0,2,0.55,0.2682711820216014,0.4640152864483664
1.0,2,0.5583333333333333,0.2721336362849863,0.4629716420011553
1.0,2,0.5666666666666667,0.2759873413219676,0.46191549371501595
1.0,2,0.575,0.2798321934754683,0.460846971747354
1.0,2,0.5833333333333333,0.28366809017746203,0.45976620730753576
1.0,2,0.5916666666666666,0.2874949299576042,0.4586733326243362
1.0,2,0.6000000000000001,0.29131261245159096,0.45756848091331453
1.0,2,0.6083333333333334,0.2951210384092459,0.4564517863441242
1.0,2,0.6166666666666667,0.2989201097023353,0.4553233840077719
1.0,2,0.625,0.3027097293321085,0.4541834098838408
1.0,2,0.6333333333333333,0.3064898014365669,0.45303200080768685
1.0,2,0.6416666666666666,0.3102602312974581,0.45186929443762397
1.0,2,0.6499999999999999,0.31402092534699755,0.4506954292221077
1.0,2,0.6583333333333334,0.3177717911743161,0.44951054436693344
1.0,2,0.6666666666666667,0.3215127375316344,0.4483147798024572
1.0,2,0.675,0.32524367434016505,0.4471082761508543
1.0,2,0.6833333333333333,0.32896451269574106,0.4458911746934268
1.0,2,0.6916666666666667,0.33267516487417265,0.444663617337971
1.0,2,0.7,0.3363755443363322,0.4434257465862182
1.0,2,0.7083333333333333,0.3400655657329686,0.44217770550135804
1.0,2,0.7166666666666666,0.3437451449092509,0.440919637675659
1.0,2,0.7250000000000001,0.34741419890904285,0.43965168719819403
1.0,2,0.7333333333333334,0.35107264597890847,0.43837399862268406
1.0,2,0.7416666666666667,0.3547204055718513,0.4370867169354706
1.0,2,0.75,0.35835739835078595,0.43578998752362796
1.0,2,0.7583333333333333,0.3619835461917456,0.4344839561432242
1.0,2,0.7666666666666666,0.365598772186825,0.43316876888774297
1.0,2,0.7749999999999999,0.36920300064686146,0.4318445721566769
1.0,2,0.7833333333333334,0.3727961571038546,0.43051151262429904
1.0,2,0.7916666666666667,0.37637816831312654,0.42916973720862794
1.0,2,0.8,0.3799489622552249,0.42781939304058886
1.0,2,0.8083333333333333,0.383508468137569,0.42646062743338753
1.0,2,0.8166666666666667,0.38705661639584205,0.425093587852101
1.0,2,0.825,0.39059333869513074,0.4237184218834954
1.0,2,0.8333333333333333,0.3941185679308145,0.42233527720608194
1.0,2,0.8416666666666666,0.3976322382292061,0.4209443015604159
1.0,2,0.8500000000000001,0.40113428494794595,0.4195456427196501
1.0,2,0.8583333333333334,0.4046246446761513,0.4181394484603492
1.0,2,0.8666666666666667,0.4081032552343249,0.41672586653357385
1.0,2,0.875,0.41157005567402244,0.415305044636241
1.0,2,0.8833333333333333,0.4150249862772832,0.4138771303827704
1.0,2,0.8916666666666666,0.41846798855582507,0.41244227127702093
1.0,2,0.8999999999999999,0.4218990052500079,0.41100061468452687
1.0,2,0.9083333333333334,0.4253179803275657,0.40955230780504015
1.0,2,0.9166666666666667,0.4287248589821118,0.40809749764538417
1.0,2,0.925,0.4321195876314196,0.4066363309926259
1.0,2,0.9333333333333333,0.43550211391548,0.40516895438757417
1.0,2,0.9416666666666667,0.43887238669434037,0.4036955140986067
1.0,2,0.95,0.4422303560457262,0.4022161560958351
1.0,2,0.9583333333333333,0.4455759732624492,0.4007310260256106
1.0,2,0.9666666666666666,0.44890919084960423,0.39924026918537686
1.0,2,0.9750000000000001,0.45222996252155834,0.39774403049887497
1.0,2,0.9833333333333334,0.4555382431987339,0.39624245449170553
1.0,2,0.9916666666666667,0.4588339890041911,0.3947356852672509
1.0,2,1.0,0.46211715726000974,0.39322386648296376
